time_ns,in_Left,in_Right,out_Left,out_Right
605,   998,  5738,   121,   700
645,  1986,  7996,   504,  2483
685,  2955,  5403,  1036,  3647
725,  3894,  -466,  1566,  2642
765,  4794, -6054,  2072,   -13
805,  5646, -7969,  2555, -2671
845,  6442, -5050,  3013, -3708
885,  7173,   932,  3441, -2495
925,  7833,  6349,  3834,   231
965,  8414,  7914,  4189,  2817
1005,  8912,  4679,  4503,  3693
1045,  9320, -1394,  4771,  2329
1085,  9635, -6622,  4992,  -448
1125,  9854, -7833,  5163, -2954
1165,  9974, -4292,  5282, -3668
1205,  9995,  1852,  5348, -2157
1245,  9916,  6873,  5361,   662
1285,  9738,  7725,  5320,  3079
1325,  9463,  3891,  5227,  3628
1365,  9092, -2303,  5081,  1977
1405,  8632, -7100,  4884,  -874
1445,  8084, -7590,  4638, -3195
1485,  7457, -3476,  4346, -3578
1525,  6754,  2746,  4011, -1791
1565,  5984,  7303,  3636,  1082
1605,  5155,  7430,  3224,  3299
1645,  4273,  3050,  2780,  3514
1685,  3349, -3180,  2308,  1597
1725,  2392, -7481,  1813, -1289
1765,  1411, -7244,  1300, -3393
1805,   415, -2613,   774, -3440
1845,  -583,  3603,   241, -1400
1885, -1577,  7634,  -295,  1488
1925, -2555,  7034,  -828,  3474
1965, -3507,  2167, -1353,  3352
2005, -4425, -4014, -1864,  1196
2045, -5298, -7760, -2357, -1685
2085, -6118, -6799, -2826, -3545
2125, -6877, -1714, -3267, -3254
2165, -7568,  4411, -3676,  -990
2205, -8182,  7860, -4048,  1874
2245, -8715,  6542, -4379,  3602
2285, -9161,  1254, -4666,  3144
2325, -9516, -4793, -4907,   779
2365, -9775, -7934, -5099, -2059
2405, -9936, -6262, -5240, -3648
2445, -9999,  -791, -5328, -3025
2485, -9961,  5159, -5363,  -567
2525, -9824,  7980, -5345,  2235
2565, -9589,  5960, -5273,  3680
2605, -9258,   325, -5149,  2893
2645, -8834, -5507, -4973,   351
2685, -8322, -7999, -4747, -2405
2725, -7727, -5639, -4474, -3702
2765, -7055,   141, -4157, -2754
2805, -6312,  5836, -3797,  -136
2845, -5506,  7991, -3400,  2564
2885, -4646,  5298, -2969,  3709
2925, -3738,  -608, -2508,  2603
2965, -2794, -6146, -2023,   -82
3005, -1821, -7955, -1517, -2717
3045,  -830, -4939,  -995, -3705
3085,   168,  1072,  -464, -2446
3125,  1165,  6434,    71,   297
3165,  2151,  7893,   606,  2859
3205,  3115,  4563,  1135,  3687
3245,  4048, -1533,  1653,  2278
3285,  4941, -6701,  2154,  -513
3325,  5784, -7803,  2634, -2993
3365,  6569, -4172,  3087, -3658
3405,  7289,  1989,  3509, -2104
3445,  7936,  6944,  3896,   726
3485,  8504,  7687,  4245,  3115
3525,  8987,  3766,  4551,  3614
3565,  9379, -2438,  4812,  1921
3605,  9679, -7164,  5024,  -938
3645,  9881, -7544,  5186, -3228
3685,  9985, -3348,  5296, -3560
3725,  9989,  2879,  5354, -1733
3765,  9893,  7360,  5358,  1145
3805,  9698,  7376,  5308,  3328
3845,  9407,  2918,  5206,  3492
3885,  9021, -3309,  5051,  1538
3925,  8545, -7530,  4846, -1350
3965,  7984, -7183,  4592, -3419
4005,  7343, -2478,  4293, -3415
4045,  6629,  3729,  3950, -1339
4085,  5849,  7675,  3569,  1548
4125,  5010,  6965,  3151,  3496
4165,  4121,  2030,  2702,  3323
4205,  3190, -4136,  2226,  1134
4245,  2228, -7793,  1728, -1744
4285,  1244, -6724,  1212, -3564
4325,   247, -1575,   685, -3223
4365,  -751,  4528,   151,  -927
4405, -1743,  7886,  -385,  1931
4445, -2717,  6459,  -917,  3617
4485, -3664,  1114, -1440,  3109
4525, -4575, -4906, -1949,   714
4565, -5440, -7951, -2438, -2113
4605, -6250, -6173, -2903, -3660
4645, -6998,  -650, -3339, -2987
4685, -7676,  5266, -3741,  -502
4725, -8278,  7989, -4106,  2287
4765, -8796,  5865, -4430,  3688
4805, -9227,   183, -4710,  2852
4845, -9566, -5609, -4942,   285
4885, -9809, -7999, -5126, -2454
4925, -9954, -5537, -5258, -3705
4965, -9999,   283, -5338, -2709
5005, -9945,  5932, -5364,   -70
5045, -9791,  7983, -5336,  2611
5085, -9540,  5191, -5256,  3709
5125, -9193,  -749, -5123,  2556
5165, -8754, -6235, -4938,  -147
5205, -8228, -7939, -4705, -2761
5245, -7619, -4827, -4424, -3701
5285, -6935,  1213, -4099, -2396
5325, -6181,  6517, -3733,   362
5365, -5365,  7868, -3330,  2900
5405, -4496,  4446, -2894,  3679
5445, -3582, -1672, -2428,  2225
5485, -2632, -6777, -1939,  -578
5525, -1656, -7771, -1430, -3031
5565,  -663, -4050,  -907, -3646
5605,   336,  2126,  -375, -2049
5645,  1332,  7013,   161,   790
5685,  2315,  7646,   696,  3150
5725,  3274,  3641,  1223,  3599
5765,  4201, -2572,  1738,  1864
5805,  5086, -7226,  2236, -1001
5845,  5920, -7496,  2712, -3260
5885,  6695, -3219,  3160, -3541
5925,  7403,  3010,  3577, -1675
5965,  8037,  7414,  3958,  1207
6005,  8591,  7320,  4299,  3357
6045,  9059,  2786,  4598,  3470
6085,  9436, -3438,  4851,  1478
6125,  9720, -7577,  5055, -1411
6165,  9906, -7119,  5209, -3444
6205,  9993, -2343,  5310, -3388
6245,  9980,  3854,  5359, -1277
6285,  9867,  7714,  5354,  1608
6325,  9656,  6894,  5295,  3518
6365,  9348,  1893,  5183,  3294
6405,  8947, -4256,  5020,  1071
6445,  8457, -7824,  4807, -1801
6485,  7882, -6646,  4545, -3581
6525,  7228, -1436,  4238, -3189
6565,  6502,  4644,  3889,  -863
6605,  5711,  7908,  3501,  1986
6645,  4863,  6375,  3078,  3631
6685,  3967,   974,  2624,  3073
6725,  3031, -5017,  2144,   650
6765,  2064, -7965,  1643, -2167
6805,  1077, -6082,  1125, -3670
6845,    79,  -509,   595, -2947
6885,  -919,  5372,    60,  -437
6925, -1908,  7995,  -475,  2338
6965, -2879,  5768, -1006,  3694
7005, -3820,    42, -1527,  2809
7045, -4724, -5709, -2033,   220
7085, -5580, -7997, -2518, -2503
7125, -6381, -5434, -2978, -3708
7165, -7117,   424, -3409, -2664
7205, -7783,  6026, -3805,    -5
7245, -8371,  7972, -4163,  2657
7285, -8875,  5082, -4480,  3707
7325, -9291,  -890, -4752,  2508
7365, -9613, -6323, -4977,  -213
7405, -9840, -7920, -5152, -2805
7445, -9969, -4713, -5275, -3696
7485, -9997,  1352, -5346, -2345
7525, -9926,  6598, -5363,   428
7565, -9756,  7841, -5327,  2941
7605, -9488,  4328, -5237,  3670
7645, -9125, -1810, -5095,  2173
7685, -8672, -6851, -4902,  -643
7725, -8131, -7736, -4661, -3069
7765, -7509, -3928, -4372, -3634
7805, -6813,  2262, -4040, -1994
7845, -6048,  7080, -3668,   854
7885, -5223,  7604, -3259,  3184
7925, -4345,  3514, -2817,  3582
7965, -3424, -2706, -2348,  1807
8005, -2469, -7286, -1854, -1064
8045, -1489, -7445, -1342, -3291
8085,  -495, -3089,  -817, -3521
8125,   504,  3141,  -284, -1616
8165,  1498,  7466,   252,  1269
8205,  2478,  7262,   785,  3384
8245,  3433,  2653,  1311,  3446
8285,  4353, -3565,  1823,  1417
8325,  5230, -7621,  2318, -1471
8365,  6055, -7054,  2789, -3468
8405,  6819, -2208,  3233, -3361
8445,  7515,  3977,  3644, -1216
8485,  8136,  7750,  4018,  1667
8525,  8676,  6821,  4353,  3538
8565,  9129,  1755,  4644,  3263
8605,  9491, -4375,  4888,  1008
8645,  9758, -7852,  5084, -1858
8685,  9927, -6566,  5229, -3598
8725,  9997, -1296,  5322, -3155
8765,  9968,  4759,  5361,  -799
8805,  9839,  7928,  5347,  2041
8845,  9611,  6288,  5280,  3644
8885,  9287,   833,  5160,  3035
8925,  8871, -5126,  4988,   585
8965,  8366, -7977,  4766, -2220
9005,  7777, -5989,  4497, -3679
9045,  7111,  -367,  4182, -2907
9085,  6374,  5476,  3826,  -372
9125,  5573,  7998,  3432,  2389
9165,  4716,  5669,  3004,  3699
9205,  3812,   -99,  2545,  2766
9245,  2870, -5807,  2061,   155
9285,  1899, -7993,  1556, -2551
9325,   910, -5330,  1036, -3710
9365,   -88,   566,   506, -2618
9405, -1086,  6118,   -29,    61
9445, -2073,  7960,  -565,  2703
9485, -3039,  4972, -1094,  3705
9525, -3975, -1030, -1613,  2459
9565, -4871, -6409, -2116,  -278
9605, -5719, -7899, -2597, -2847
9645, -6509, -4598, -3053, -3690
9685, -7234,  1492, -3478, -2294
9725, -7887,  6677, -3868,   493
9765, -8462,  7812, -4220,  2980
9805, -8951,  4208, -4529,  3660
9845, -9352, -1948, -4793,  2119
9885, -9658, -6923, -5010,  -708
9925, -9869, -7698, -5176, -3105
9965, -9980, -3804, -5291, -3619
10005, -9992,  2398, -5352, -1939
10045, -9904,  7145, -5360,   918
10085, -9717,  7558, -5315,  3218
10125, -9434,  3386, -5217,  3565
10165, -9055, -2839, -5066,  1750
10205, -8587, -7343, -4865, -1127
10245, -8032, -7393, -4615, -3321
10285, -7397, -2958, -4319, -3500
10325, -6689,  3271, -3980, -1557
10365, -5913,  7516, -3602,  1331
10405, -5078,  7201, -3187,  3411
10445, -4193,  2519, -2740,  3421
10485, -3266, -3691, -2266,  1356
10525, -2306, -7663, -1769, -1531
10565, -1323, -6986, -1255, -3491
10605,  -327, -2071,  -728, -3333
10645,   672,  4099,  -194, -1154
10685,  1664,  7784,   342,  1725
10725,  2640,  6746,   874,  3557
10765,  3590,  1616,  1398,  3231
10805,  4504, -4493,  1908,   945
10845,  5373, -7878,  2399, -1915
10885,  6188, -6484,  2866, -3613
10925,  6941, -1156,  3304, -3120
10965,  7625,  4872,  3709,  -735
11005,  8233,  7946,  4077,  2096
11045,  8758,  6199,  4405,  3655
11085,  9196,   692,  4688,  2997
11125,  9542, -5234,  4925,   520
11165,  9793, -7986,  5112, -2272
11205,  9946, -5894,  5248, -3687
11245,  9999,  -226,  5332, -2865
11285,  9953,  5578,  5363,  -306
11325,  9807,  7999,  5340,  2438
11365,  9563,  5568,  5263,  3703
11405,  9224,  -240,  5134,  2722
11445,  8792, -5904,  4954,    89
11485,  8273, -7985,  4724, -2598
11525,  7671, -5223,  4447, -3710
11565,  6992,   707,  4126, -2571
11605,  6243,  6209,  3763,   127
11645,  5432,  7944,  3362,  2748
11685,  4567,  4861,  2928,  3702
11725,  3656, -1171,  2465,  2410
11765,  2709, -6492,  1977,  -344
11805,  1734, -7876,  1470, -2889
11845,   742, -4481,   948, -3682
11885,  -256,  1631,   416, -2242
11925, -1253,  6754,  -120,   558
11965, -2237,  7780,  -654,  3019
12005, -3199,  4087, -1182,  3649
12045, -4129, -2085, -1699,  2065
12085, -5017, -6993, -2198,  -772
12125, -5856, -7659, -2676, -3141
12165, -6636, -3679, -3127, -3605
12205, -7349,  2532, -3546, -1883
12245, -7990,  7208, -3930,   981
12285, -8550,  7511, -4275,  3250
12325, -9025,  3258, -4577,  3546
12365, -9410, -2971, -4833,  1692
12405, -9701, -7398, -5041, -1189
12445, -9894, -7337, -5199, -3349
12485, -9989, -2825, -5305, -3478
12525, -9984,  3399, -5357, -1497
12565, -9880,  7563, -5356,  1392
12605, -9676,  7139, -5302,  3436
12645, -9376,  2384, -5195,  3396
12685, -8983, -3816, -5036,  1295
12725, -8499, -7702, -4827, -1591
12765, -7931, -6916, -4569, -3512
12805, -7283, -1934, -4265, -3304
12845, -6563,  4220, -3919, -1091
12885, -5777,  7815, -3534,  1783
12925, -4933,  6669, -3114,  3575
12965, -4040,  1478, -2662,  3198
13005, -3106, -4610, -2184,   881
13045, -2142, -7902, -1684, -1971
13085, -1156, -6400, -1167, -3628
13125,  -159, -1016,  -639, -3084
13165,   839,  4984,  -104,  -670
13205,  1830,  7961,   432,  2150
13245,  2802,  6109,   963,  3666
13285,  3747,   551,  1485,  2958
13325,  4653, -5340,  1992,   455
13365,  5514, -7993,  2479, -2324
13405,  6319, -5797,  2941, -3693
13445,  7061,   -84,  3375, -2823
13485,  7733,  5679,  3774,  -241
13525,  8327,  7998,  4135,  2488
13565,  8838,  5465,  4455,  3706
13605,  9261,  -382,  4731,  2677
13645,  9591, -5998,  4960,    23
13685,  9826, -7976,  5139, -2645
13725,  9962, -5115,  5266, -3709
13765,  9999,   848,  5341, -2523
13805,  9935,  6297,  5363,   192
13845,  9773,  7926,  5330,  2791
13885,  9513,  4747,  5245,  3697
13925,  9158, -1311,  5107,  2359
13965,  8711, -6574,  4919,  -409
14005,  8177, -7850,  4681, -2930
14045,  7562, -4363,  4396, -3674
14085,  6871,  1769,  4067, -2189
14125,  6111,  6829,  3698,   623
14165,  5290,  7746,  3292,  3057
14205,  4417,  3965,  2852,  3636
14245,  3499, -2221,  2385,  2010
14285,  2546, -7061,  1893,  -836
14325,  1568, -7617,  1383, -3175
14365,   574, -3552,   859, -3589
14405,  -424,  2666,   326, -1826
14445, -1419,  7268,  -210,  1044
14485, -2401,  7461,  -744,  3281
14525, -3358,  3128, -1270,  3527
14565, -4281, -3102, -1784,  1633
14605, -5162, -7451, -2280, -1252
14645, -5991, -7280, -2753, -3377
14685, -6761, -2693, -3199, -3455
14725, -7462,  3527, -3613, -1437
14765, -8090,  7608, -3991,  1452
14805, -8636,  7074, -4329,  3460
14845, -9096,  2248, -4623,  3369
14885, -9465, -3940, -4872,  1234
14925, -9740, -7739, -5071, -1650
14965, -9917, -6844, -5220, -3533
15005, -9995, -1796, -5317, -3273
15045, -9974,  4340, -5361, -1028
15085, -9852,  7844, -5351,  1840
15125, -9633,  6590, -5288,  3592
15165, -9317,  1338, -5172,  3165
15205, -8908, -4725, -5004,   817
15245, -8409, -7922, -4787, -2026
15285, -7827, -6314, -4521, -3641
15325, -7167,  -875, -4210, -3047
15365, -6435,  5094, -3857,  -606
15405, -5639,  7974, -3466,  2203
15445, -4786,  6017, -3040,  3675
15485, -3886,   410, -2584,  2918
15525, -2946, -5445, -2102,   390
15565, -1977, -7998, -1598, -2375
15605,  -989, -5699, -1079, -3699
15645,     8,    56,  -549, -2780
15685,  1007,  5778,   -14,  -175
15725,  1995,  7994,   521,  2536
15765,  2963,  5361,  1051,  3708
15805,  3902,  -523,  1571,  2631
15845,  4802, -6091,  2075,   -42
15885,  5653, -7964,  2559, -2690
15925,  6448, -5005,  3017, -3707
15965,  7179,   988,  3444, -2475
16005,  7838,  6383,  3837,   258
16045,  8419,  7906,  4192,  2834
16085,  8916,  4633,  4505,  3691
16125,  9323, -1450,  4773,  2309
16165,  9637, -6654,  4993,  -474
16205,  9856, -7821,  5164, -2970
16245,  9975, -4244,  5282, -3664
16285,  9995,  1907,  5348, -2136
16325,  9915,  6902,  5361,   687
16365,  9736,  7710,  5320,  3094
16405,  9460,  3841,  5226,  3623
16445,  9089, -2357,  5079,  1954
16485,  8627, -7126,  4882,  -900
16525,  8079, -7572,  4636, -3209
16565,  7451, -3425,  4344, -3571
16605,  6748,  2799,  4008, -1768
16645,  5977,  7326,  3632,  1107
16685,  5147,  7409,  3220,  3311
16725,  4265,  2997,  2776,  3506
16765,  3341, -3232,  2304,  1574
16805,  2383, -7501,  1809, -1313
16845,  1402, -7220,  1296, -3404
16885,   406, -2559,   769, -3430
16925,  -592,  3654,   236, -1376
16965, -1586,  7651,  -300,  1513
17005, -2563,  7006,  -833,  3483
17045, -3516,  2112, -1358,  3340
17085, -4433, -4063, -1869,  1171
17125, -5305, -7774, -2362, -1709
17165, -6125, -6769, -2830, -3553
17205, -6884, -1658, -3271, -3242
17245, -7573,  4458, -3679,  -965
17285, -8187,  7871, -4050,  1897
17325, -8720,  6509, -4381,  3608
17365, -9165,  1198, -4668,  3130
17405, -9518, -4838, -4909,   753
17445, -9777, -7941, -5100, -2081
17485, -9937, -6226, -5240, -3653
17525, -9999,  -735, -5328, -3010
17565, -9960,  5202, -5363,  -541
17605, -9822,  7984, -5344,  2256
17645, -9586,  5922, -5272,  3684
17685, -9254,   268, -5147,  2877
17725, -8830, -5548, -4971,   325
17765, -8317, -7999, -4745, -2425
17805, -7722, -5598, -4472, -3703
17845, -7049,   198, -4154, -2736
17885, -6305,  5875, -3794,  -110
17925, -5499,  7988, -3397,  2583
17965, -4638,  5255, -2965,  3709
18005, -3730,  -664, -2504,  2584
18045, -2785, -6182, -2018,  -108
18085, -1812, -7949, -1512, -2735
18125,  -822, -4894,  -991, -3704
18165,   177,  1129,  -460, -2426
18205,  1174,  6468,    76,   323
18245,  2159,  7883,   611,  2876
18285,  3123,  4516,  1140,  3684
18325,  4056, -1589,  1657,  2257
18365,  4948, -6731,  2158,  -539
18405,  5791, -7790,  2637, -3008
18445,  6576, -4123,  3091, -3653
18485,  7295,  2044,  3513, -2082
18525,  7942,  6972,  3900,   752
18565,  8509,  7671,  4248,  3129
18605,  8990,  3716,  4554,  3608
18645,  9383, -2492,  4814,  1898
18685,  9681, -7189,  5026,  -963
18725,  9883, -7525,  5188, -3241
18765,  9985, -3296,  5297, -3553
18805,  9989,  2932,  5354, -1710
18845,  9892,  7382,  5358,  1170
18885,  9696,  7354,  5308,  3340
18925,  9404,  2865,  5205,  3484
18965,  9017, -3361,  5049,  1514
19005,  8541, -7549,  4844, -1374
19045,  7979, -7158,  4590, -3429
19085,  7337, -2424,  4290, -3404
19125,  6623,  3779,  3947, -1315
19165,  5841,  7691,  3565,  1572
19205,  5002,  6937,  3147,  3505
19245,  4113,  1975,  2698,  3312
19285,  3182, -4184,  2222,  1109
19325,  2220, -7806,  1724, -1767
19365,  1235, -6693,  1208, -3571
19405,   238, -1519,   680, -3209
19445,  -760,  4575,   146,  -901
19485, -1752,  7895,  -390,  1953
19525, -2726,  6425,  -922,  3623
19565, -3673,  1058, -1445,  3094
19605, -4583, -4950, -1953,   689
19645, -5447, -7957, -2442, -2135
19685, -6257, -6136, -2907, -3664
19725, -7005,  -593, -3342, -2971
19765, -7682,  5309, -3744,  -476
19805, -8283,  7991, -4109,  2307
19845, -8801,  5826, -4433,  3690
19885, -9231,   127, -4712,  2835
19925, -9568, -5649, -4944,   259
19965, -9811, -7999, -5127, -2474
20005, -9955, -5496, -5259, -3707
20045, -9999,   339, -5338, -2692
20085, -9944,  5970, -5364,   -44
20125, -9789,  7979, -5336,  2630
20165, -9537,  5148, -5255,  3708
20205, -9189,  -805, -5121,  2537
20245, -8750, -6271, -4936,  -173
20285, -8223, -7932, -4702, -2779
20325, -7614, -4781, -4421, -3699
20365, -6928,  1269, -4096, -2375
20405, -6174,  6550, -3730,   389
20445, -5358,  7858, -3326,  2917
20485, -4488,  4399, -2890,  3676
20525, -3573, -1728, -2424,  2204
20565, -2623, -6807, -1934,  -605
20605, -1647, -7757, -1425, -3047
20645,  -654, -4001,  -902, -3641
20685,   345,  2181,  -370, -2027
20725,  1341,  7041,   166,   816
20765,  2323,  7629,   700,  3164
20805,  3283,  3590,  1228,  3592
20845,  4209, -2626,  1743,  1841
20885,  5094, -7250,  2241, -1027
20925,  5927, -7476,  2716, -3272
20965,  6702, -3167,  3164, -3533
21005,  7409,  3063,  3580, -1651
21045,  8043,  7435,  3961,  1232
21085,  8596,  7297,  4302,  3368
21125,  9063,  2732,  4601,  3460
21165,  9439, -3489,  4853,  1453
21205,  9722, -7595,  5056, -1435
21245,  9907, -7093,  5210, -3454
21285,  9993, -2289,  5311, -3378
21325,  9979,  3903,  5359, -1253
21365,  9866,  7729,  5353,  1631
21405,  9654,  6865,  5294,  3526
21445,  9345,  1838,  5182,  3281
21485,  8943, -4304,  5018,  1046
21525,  8452, -7836,  4804, -1824
21565,  7877, -6614,  4543, -3588
21605,  7222, -1380,  4236, -3176
21645,  6496,  4691,  3886,  -837
21685,  5704,  7916,  3498,  2009
21725,  4856,  6340,  3074,  3636
21765,  3959,   918,  2620,  3058
21805,  3022, -5061,  2140,   624
21845,  2055, -7970,  1638, -2188
21885,  1068, -6044,  1120, -3673
21925,    70,  -452,   590, -2931
21965,  -927,  5414,    56,  -411
22005, -1917,  7996,  -480,  2358
22045, -2887,  5728, -1011,  3696
22085, -3828,   -14, -1532,  2792
22125, -4732, -5748, -2037,   194
22165, -5587, -7996, -2522, -2522
22205, -6387, -5393, -2982, -3709
22245, -7124,   481, -3412, -2646
22285, -7789,  6063, -3808,    22
22325, -8376,  7968, -4167,  2676
22365, -8879,  5038, -4483,  3707
22405, -9294,  -946, -4754,  2489
22445, -9616, -6358, -4979,  -239
22485, -9842, -7912, -5153, -2822
22525, -9969, -4667, -5276, -3694
22565, -9997,  1408, -5346, -2325
22605, -9925,  6630, -5363,   454
22645, -9754,  7830, -5326,  2957
22685, -9485,  4280, -5236,  3666
22725, -9122, -1866, -5094,  2151
22765, -8667, -6880, -4901,  -669
22805, -8126, -7721, -4658, -3084
22845, -7504, -3878, -4370, -3628
22885, -6806,  2317, -4037, -1972
22925, -6041,  7107, -3665,   880
22965, -5215,  7586, -3255,  3198
23005, -4337,  3463, -2813,  3576
23045, -3416, -2760, -2343,  1784
23085, -2461, -7309, -1850, -1090
23125, -1481, -7424, -1338, -3303
23165,  -486, -3036,  -813, -3513
23205,   513,  3193,  -280, -1592
23245,  1507,  7486,   256,  1294
23285,  2486,  7238,   790,  3395
23325,  3441,  2599,  1315,  3436
23365,  4361, -3616,  1828,  1393
23405,  5238, -7638,  2322, -1496
23445,  6062, -7027,  2793, -3477
23485,  6826, -2153,  3236, -3350
23525,  7521,  4026,  3647, -1191
23565,  8141,  7764,  4021,  1690
23605,  8680,  6792,  4355,  3546
23645,  9133,  1699,  4646,  3250
23685,  9494, -4423,  4890,   983
23725,  9760, -7863,  5086, -1881
23765,  9928, -6533,  5230, -3604
23805,  9998, -1240,  5322, -3141
23845,  9967,  4805,  5361,  -773
23885,  9837,  7936,  5347,  2064
23925,  9609,  6253,  5279,  3649
23965,  9284,   777,  5158,  3020
24005,  8867, -5170,  4986,   559
24045,  8361, -7981,  4764, -2241
24085,  7772, -5951,  4494, -3682
24125,  7105,  -311,  4179, -2890
24165,  6367,  5517,  3823,  -345
24205,  5565,  7999,  3429,  2409
24245,  4708,  5629,  3000,  3701
24285,  3804,  -156,  2541,  2749
24325,  2862, -5846,  2057,   128
24365,  1891, -7990,  1552, -2570
24405,   901, -5287,  1032, -3710
24445,   -97,   622,   501, -2599
24485, -1095,  6155,   -34,    87
24525, -2082,  7954,  -569,  2721
24565, -3048,  4928, -1099,  3704
24605, -3983, -1087, -1618,  2440
24645, -4879, -6443, -2120,  -305
24685, -5726, -7890, -2601, -2865
24725, -6516, -4551, -3057, -3687
24765, -7241,  1548, -3482, -2273
24805, -7893,  6708, -3872,   519
24845, -8466,  7800, -4223,  2996
24885, -8955,  4160, -4532,  3656
24925, -9355, -2003, -4796,  2097
24965, -9661, -6951, -5012,  -734
25005, -9870, -7683, -5178, -3120
25045, -9981, -3754, -5291, -3614
25085, -9992,  2452, -5353, -1916
25125, -9903,  7171, -5361,   944
25165, -9715,  7540, -5315,  3231
25205, -9431,  3335, -5216,  3558
25245, -9052, -2892, -5065,  1727
25285, -8582, -7365, -4863, -1152
25325, -8027, -7371, -4613, -3332
25365, -7391, -2905, -4317, -3491
25405, -6682,  3323, -3977, -1533
25445, -5906,  7535, -3598,  1355
25485, -5071,  7177, -3183,  3421
25525, -4185,  2465, -2736,  3411
25565, -3257, -3742, -2262,  1332
25605, -2297, -7679, -1765, -1555
25645, -1314, -6958, -1250, -3500
25685,  -318, -2016,  -723, -3321
25725,   680,  4148,  -190, -1128
25765,  1673,  7797,   346,  1749
25805,  2649,  6716,   879,  3565
25845,  3598,  1561,  1403,  3218
25885,  4512, -4540,  1912,   919
25925,  5380, -7888,  2403, -1937
25965,  6195, -6451,  2870, -3619
26005,  6948, -1100,  3308, -3106
26045,  7631,  4917,  3713,  -709
26085,  8238,  7952,  4081,  2118
26125,  8763,  6163,  4408,  3660
26165,  9200,   636,  4691,  2981
26205,  9545, -5277,  4927,   494
26245,  9795, -7989,  5114, -2293
26285,  9947, -5855,  5250, -3689
26325,  9999,  -169,  5333, -2848
26365,  9952,  5619,  5363,  -280
26405,  9805,  7999,  5339,  2458
26445,  9561,  5527,  5262,  3705
26485,  9220,  -297,  5133,  2704
26525,  8788, -5942,  4952,    63
26565,  8268, -7982,  4722, -2617
26605,  7665, -5180,  4444, -3710
26645,  6986,   763,  4122, -2552
26685,  6236,  6244,  3759,   153
26725,  5425,  7937,  3359,  2765
26765,  4559,  4815,  2925,  3699
26805,  3648, -1227,  2461,  2389
26845,  2700, -6526,  1973,  -370
26885,  1725, -7866,  1465, -2906
26925,   733, -4434,   943, -3679
26965,  -265,  1686,   411, -2221
27005, -1262,  6784,  -125,   584
27045, -2246,  7767,  -659,  3034
27085, -3207,  4038, -1187,  3644
27125, -4137, -2140, -1703,  2043
27165, -5025, -7020, -2203,  -798
27205, -5863, -7642, -2680, -3155
27245, -6642, -3628, -3130, -3598
27285, -7356,  2586, -3549, -1860
27325, -7995,  7232, -3933,  1007
27365, -8555,  7491, -4278,  3262
27405, -9029,  3206, -4579,  3538
27445, -9413, -3024, -4835,  1668
27485, -9703, -7419, -5043, -1214
27525, -9896, -7314, -5200, -3360
27565, -9990, -2772, -5305, -3468
27605, -9984,  3451, -5358, -1473
27645, -9878,  7581, -5357,  1416
27685, -9674,  7113, -5302,  3446
27725, -9373,  2329, -5194,  3385
27765, -8979, -3866, -5034,  1270
27805, -8495, -7717, -4825, -1615
27845, -7925, -6887, -4566, -3521
27885, -7277, -1879, -4262, -3291
27925, -6556,  4268, -3916, -1066
27965, -5769,  7827, -3531,  1806
28005, -4925,  6638, -3110,  3582
28045, -4032,  1422, -2658,  3185
28085, -3098, -4656, -2180,   856
28125, -2133, -7910, -1680, -1993
28165, -1147, -6366, -1163, -3633
28205,  -150,  -960,  -634, -3070
28245,   848,  5028,   -99,  -645
28285,  1839,  7966,   436,  2171
28325,  2811,  6072,   968,  3670
28365,  3755,   494,  1490,  2942
28405,  4661, -5383,  1996,   429
28445,  5521, -7995,  2483, -2344
28485,  6326, -5758,  2945, -3696
28525,  7067,   -27,  3378, -2806
28565,  7738,  5719,  3777,  -214
28605,  8332,  7997,  4138,  2507
28645,  8842,  5424,  4458,  3707
28685,  9264,  -439,  4733,  2659
28725,  9594, -6036,  4961,    -3
28765,  9827, -7971,  5140, -2663
28805,  9963, -5071,  5267, -3708
28845,  9998,   904,  5341, -2504
28885,  9934,  6332,  5362,   219
28925,  9771,  7918,  5330,  2808
28965,  9510,  4701,  5244,  3694
29005,  9154, -1367,  5106,  2339
29045,  8707, -6606,  4917,  -435
29085,  8172, -7839,  4678, -2946
29125,  7556, -4316,  4393, -3670
29165,  6864,  1824,  4064, -2168
29205,  6104,  6858,  3695,   649
29245,  5283,  7732,  3288,  3071
29285,  4409,  3915,  2849,  3631
29325,  3491, -2276,  2381,  1988
29365,  2538, -7087,  1889,  -862
29405,  1559, -7599,  1378, -3189
29445,   566, -3501,   854, -3582
29485,  -433,  2720,   321, -1802
29525, -1428,  7292,  -215,  1070
29565, -2409,  7440,  -748,  3293
29605, -3366,  3075, -1275,  3518
29645, -4289, -3154, -1789,  1609
29685, -5170, -7471, -2285, -1276
29725, -5998, -7256, -2758, -3388
29765, -6767, -2639, -3203, -3445
29805, -7468,  3578, -3616, -1412
29845, -8095,  7625, -3994,  1477
29885, -8641,  7047, -4332,  3469
29925, -9100,  2194, -4626,  3357
29965, -9468, -3990, -4874,  1209
30005, -9742, -7754, -5073, -1674
30045, -9918, -6814, -5222, -3541
30085, -9996, -1741, -5318, -3261
30125, -9973,  4388, -5361, -1003
30165, -9851,  7855, -5351,  1863
30205, -9630,  6558, -5287,  3599
30245, -9313,  1282, -5171,  3151
30285, -8904, -4771, -5002,   791
30325, -8405, -7930, -4784, -2048
30365, -7822, -6279, -4518, -3646
30405, -7161,  -819, -4207, -3032
30445, -6428,  5137, -3854,  -580
30485, -5631,  7978, -3462,  2224
30525, -4778,  5979, -3036,  3679
30565, -3877,   353, -2579,  2901
30605, -2938, -5486, -2097,   364
30645, -1969, -7999, -1594, -2395
30685,  -980, -5659, -1075, -3701
30725,    17,   113,  -545, -2763
30765,  1016,  5817,    -9,  -149
30805,  2004,  7992,   526,  2555
30845,  2972,  5319,  1056,  3709
30885,  3910,  -580,  1576,  2613
30925,  4809, -6128,  2080,   -69
30965,  5661, -7958,  2563, -2709
31005,  6455, -4961,  3021, -3706
31045,  7185,  1045,  3448, -2455
31085,  7844,  6417,  3841,   284
31125,  8424,  7897,  4195,  2851
31165,  8920,  4586,  4508,  3688
31205,  9326, -1506,  4775,  2288
31245,  9640, -6685,  4995,  -500
31285,  9857, -7809,  5165, -2985
31325,  9976, -4196,  5283, -3660
31365,  9995,  1962,  5349, -2115
31405,  9914,  6930,  5361,   713
31445,  9734,  7694,  5319,  3108
31485,  9457,  3791,  5225,  3617
31525,  9085, -2411,  5078,  1932
31565,  8623, -7152,  4880,  -925
31605,  8074, -7554,  4634, -3222
31645,  7445, -3373,  4341, -3564
31685,  6741,  2853,  4005, -1745
31725,  5970,  7349,  3629,  1133
31765,  5139,  7387,  3216,  3323
31805,  4257,  2944,  2772,  3497
31845,  3333, -3284,  2300,  1550
31885,  2375, -7521,  1804, -1338
31925,  1393, -7195,  1291, -3414
31965,   398, -2505,   765, -3420
32005,  -601,  3704,   231, -1351
32045, -1594,  7667,  -305,  1537
32085, -2572,  6979,  -837,  3492
32125, -3524,  2057, -1362,  3329
32165, -4441, -4112, -1873,  1146
32205, -5313, -7787, -2366, -1732
32245, -6132, -6739, -2835, -3560
32285, -6890, -1602, -3275, -3229
32325, -7579,  4505, -3683,  -939
32365, -8192,  7881, -4054,  1920
32405, -8724,  6476, -4384,  3614
32445, -9168,  1142, -4671,  3116
32485, -9521, -4883, -4911,   727
32525, -9779, -7947, -5102, -2102
32565, -9938, -6190, -5242, -3657
32605, -9999,  -678, -5329, -2994
32645, -9960,  5245, -5363,  -515
32685, -9821,  7987, -5344,  2276
32725, -9584,  5884, -5271,  3686
32765, -9251,   211, -5146,  2860
32805, -8826, -5589, -4969,   298
32845, -8312, -7999, -4743, -2445
32885, -7716, -5558, -4469, -3705
32925, -7042,   255, -4151, -2718
32965, -6298,  5913, -3791,   -83
33005, -5492,  7985, -3393,  2602
33045, -4630,  5212, -2961,  3709
33085, -3722,  -721, -2500,  2565
33125, -2777, -6218, -2014,  -134
33165, -1804, -7942, -1508, -2753
33205,  -813, -4849,  -986, -3702
33245,   185,  1185,  -455, -2406
33285,  1183,  6501,    81,   350
33325,  2168,  7873,   616,  2892
33365,  3132,  4469,  1145,  3680
33405,  4064, -1645,  1662,  2235
33445,  4956, -6762,  2163,  -566
33485,  5798, -7777,  2642, -3024
33525,  6583, -4074,  3095, -3648
33565,  7301,  2099,  3516, -2060
33605,  7947,  7000,  3903,   778
33645,  8513,  7655,  4251,  3143
33685,  8994,  3666,  4556,  3602
33725,  9386, -2546,  4816,  1876
33765,  9683, -7214,  5027,  -989
33805,  9884, -7506,  5189, -3254
33845,  9986, -3244,  5298, -3545
33885,  9988,  2984,  5355, -1686
33925,  9890,  7404,  5358,  1195
33965,  9694,  7331,  5307,  3351
34005,  9401,  2812,  5203,  3474
34045,  9014, -3413,  5048,  1490
34085,  8536, -7568,  4842, -1399
34125,  7974, -7132,  4588, -3439
34165,  7331, -2370,  4287, -3394
34205,  6616,  3829,  3944, -1290
34245,  5834,  7706,  3562,  1596
34285,  4994,  6909,  3144,  3514
34325,  4104,  1920,  2694,  3300
34365,  3174, -4233,  2218,  1084
34405,  2211, -7818,  1719, -1790
34445,  1226, -6661,  1203, -3578
34485,   229, -1463,   675, -3196
34525,  -769,  4622,   141,  -875
34565, -1760,  7904,  -395,  1976
34605, -2734,  6391,  -927,  3628
34645, -3681,  1002, -1449,  3080
34685, -4591, -4995, -1958,   663
34725, -5455, -7962, -2447, -2156
34765, -6264, -6100, -2911, -3668
34805, -7011,  -537, -3346, -2955
34845, -7688,  5351, -3748,  -450
34885, -8288,  7994, -4112,  2328
34925, -8805,  5787, -4435,  3693
34965, -9234,    70, -4714,  2818
35005, -9571, -5689, -4946,   233
35045, -9812, -7998, -5129, -2494
35085, -9956, -5455, -5260, -3708
35125, -9999,   396, -5339, -2673
35165, -9943,  6008, -5364,   -18
35205, -9788,  7975, -5335,  2649
35245, -9534,  5104, -5254,  3708
35285, -9186,  -862, -5120,  2518
35325, -8745, -6306, -4935,  -200
35365, -8218, -7924, -4700, -2796
35405, -7608, -4736, -4419, -3697
35445, -6922,  1325, -4093, -2355
35485, -6167,  6582, -3726,   415
35525, -5350,  7847, -3323,  2933
35565, -4480,  4351, -2886,  3672
35605, -3565, -1783, -2420,  2183
35645, -2615, -6837, -1930,  -630
35685, -1638, -7743, -1421, -3062
35725,  -645, -3952,  -897, -3636
35765,   353,  2235,  -365, -2005
35805,  1349,  7067,   171,   841
35845,  2332,  7612,   705,  3177
35885,  3291,  3539,  1232,  3586
35925,  4217, -2680,  1747,  1819
35965,  5101, -7274,  2245, -1052
36005,  5935, -7456,  2720, -3285
36045,  6708, -3114,  3168, -3525
36085,  7415,  3115,  3584, -1628
36125,  8048,  7456,  3964,  1257
36165,  8600,  7274,  4305,  3379
36205,  9067,  2679,  4603,  3451
36245,  9442, -3540,  4855,  1429
36285,  9724, -7612,  5058, -1459
36325,  9908, -7067,  5211, -3463
36365,  9993, -2234,  5311, -3367
36405,  9979,  3953,  5359, -1228
36445,  9864,  7743,  5353,  1655
36485,  9651,  6836,  5293,  3534
36525,  9342,  1782,  5181,  3269
36565,  8939, -4352,  5017,  1021
36605,  8447, -7847,  4802, -1847
36645,  7871, -6582,  4540, -3595
36685,  7216, -1324,  4232, -3162
36725,  6489,  4736,  3882,  -812
36765,  5697,  7924,  3494,  2030
36805,  4848,  6305,  3070,  3641
36845,  3951,   861,  2616,  3042
36885,  3014, -5105,  2135,   598
36925,  2047, -7975,  1633, -2210
36965,  1059, -6007,  1115, -3677
37005,    61,  -395,   586, -2915
37045,  -936,  5456,    51,  -384
37085, -1926,  7998,  -485,  2379
37125, -2896,  5688, -1015,  3699
37165, -3837,   -71, -1536,  2775
37205, -4739, -5788, -2041,   167
37245, -5595, -7994, -2526, -2542
37285, -6394, -5350, -2986, -3709
37325, -7130,   538, -3416, -2627
37365, -7794,  6100, -3812,    48
37405, -8381,  7962, -4170,  2694
37445, -8883,  4994, -4486,  3705
37485, -9297, -1003, -4757,  2469
37525, -9618, -6392, -4980,  -266
37565, -9843, -7904, -5154, -2839
37605, -9970, -4621, -5277, -3691
37645, -9997,  1464, -5347, -2304
37685, -9924,  6662, -5363,   480
37725, -9752,  7818, -5326,  2973
37765, -9482,  4232, -5235,  3662
37805, -9118, -1921, -5092,  2130
37845, -8663, -6909, -4899,  -695
37885, -8121, -7706, -4656, -3098
37925, -7498, -3828, -4367, -3622
37965, -6800,  2371, -4034, -1950
38005, -6034,  7133, -3661,   905
38045, -5207,  7567, -3251,  3211
38085, -4329,  3412, -2809,  3568
38125, -3408, -2813, -2339,  1761
38165, -2452, -7332, -1845, -1115
38205, -1472, -7403, -1333, -3315
38245,  -477, -2983,  -808, -3504
38285,   521,  3245,  -275, -1568
38325,  1516,  7506,   261,  1319
38365,  2495,  7214,   794,  3405
38405,  3449,  2545,  1320,  3426
38445,  4369, -3667,  1832,  1368
38485,  5245, -7655,  2326, -1520
38525,  6069, -6999,  2797, -3486
38565,  6832, -2098,  3240, -3338
38605,  7527,  4075,  3650, -1166
38645,  8147,  7777,  4025,  1713
38685,  8685,  6761,  4359,  3553
38725,  9136,  1644,  4649,  3237
38765,  9496, -4470,  4892,   957
38805,  9762, -7873,  5087, -1904
38845,  9929, -6500,  5231, -3610
38885,  9998, -1184,  5323, -3127
38925,  9966,  4850,  5361,  -747
38965,  9835,  7943,  5346,  2085
39005,  9606,  6217,  5278,  3653
39045,  9281,   720,  5157,  3005
39085,  8863, -5213,  4984,   533
39125,  8356, -7985,  4762, -2262
39165,  7766, -5913,  4492, -3685
39205,  7099,  -254,  4177, -2874
39245,  6360,  5558,  3820,  -319
39285,  5558,  7999,  3425,  2429
39325,  4700,  5588,  2996,  3703
39365,  3796,  -212,  2537,  2731
39405,  2853, -5885,  2052,   102
39445,  1882, -7987,  1547, -2589
39485,   892, -5244,  1027, -3710
39525,  -106,   679,   496, -2581
39565, -1104,  6191,   -39,   114
39605, -2090,  7947,  -574,  2739
39645, -3056,  4883, -1104,  3702
39685, -3991, -1143, -1622,  2420
39725, -4887, -6476, -2124,  -331
39765, -5733, -7881, -2605, -2881
39805, -6523, -4505, -3061, -3684
39845, -7247,  1603, -3485, -2253
39885, -7898,  6739, -3875,   545
39925, -8471,  7787, -4226,  3011
39965, -8959,  4111, -4534,  3651
40005, -9358, -2058, -4798,  2075
40045, -9663, -6979, -5013,  -759
40085, -9872, -7667, -5179, -3134
40125, -9981, -3703, -5292, -3608
40165, -9992,  2506, -5353, -1893
40205, -9902,  7196, -5360,   969
40245, -9713,  7520, -5314,  3243
40285, -9428,  3283, -5215,  3550
40325, -9048, -2945, -5063,  1703
40365, -8577, -7387, -4861, -1177
40405, -8021, -7348, -4610, -3344
40445, -7385, -2852, -4314, -3482
40485, -6675,  3374, -3974, -1509
40525, -5899,  7554, -3594,  1380
40565, -5063,  7151, -3179,  3431
